KEY;DURATION;PDB;KNOWN_CONTACTS;DSSP;HEAVY_CHAIN;LIGHT_CHAIN;LIGAND_CHAIN;PDB_SOURCE;RMSD_APO;RMSD_HOLO;RMSF_APO;RMSF_HOLO;DF_APO;DF_HOLO;DF_MATRIX_APO;DF_MATRIX_HOLO;CLUSTER_APO;CLUSTER_HOLO;EN_APO;EN_HOLO;EN_MATRIX_APO;EN_MATRIX_HOLO;CLUSTER_PDB_APO;CLUSTER_PDB_HOLO;HINGE_APO;HINGE_HOLO
1AFV;0050ns;/home/dario/SPARTA_RAWDATA/dataset/PDBapo/1AFV.pdb;33,50,99,103,251,252,254,256,317,319;/home/dario/SPARTA_RAWDATA/APO_MD/1AFV/DSSP/ssdump.dat;K;M;B;/home/dario/SPARTA_RAWDATA/dataset/pdb_originali/1AFV.pdb;/home/dario/SPARTA_RAWDATA/APO_MD/1AFV/cluster/rmsd-dist.xvg;/home/dario/SPARTA_RAWDATA/OLO_MD/1AFV/cluster/rmsd-dist.xvg;/home/dario/SPARTA_RAWDATA/APO_MD/1AFV/RMSF/rmsf.ca.xvg;/home/dario/SPARTA_RAWDATA/OLO_MD/1AFV/RMSF/rmsf.ca.xvg;/home/dario/SPARTA_RAWDATA/APO_MD/1AFV/emma/emmadist.dat;/home/dario/SPARTA_RAWDATA/OLO_MD/1AFV/emma/emmadist.dat;/home/dario/SPARTA_RAWDATA/APO_MD/1AFV/emma/emmatrix.dat;/home/dario/SPARTA_RAWDATA/OLO_MD/1AFV/emma/emmatrix.dat;/home/dario/SPARTA_RAWDATA/APO_MD/1AFV/cluster/clust-size.xvg;/home/dario/SPARTA_RAWDATA/OLO_MD/1AFV/cluster/clust-size.xvg;/home/dario/SPARTA_RAWDATA/APO_MD/1AFV/ene/enedist.dat;/home/dario/SPARTA_RAWDATA/OLO_MD/1AFV/ene/enedist.dat;/home/dario/SPARTA_RAWDATA/APO_MD/1AFV/ene/enematrix.dat;/home/dario/SPARTA_RAWDATA/OLO_MD/1AFV/ene/enematrix.dat;/home/dario/SPARTA_RAWDATA/APO_MD/1AFV/ene/primo_cluster.pdb;/home/dario/SPARTA_RAWDATA/OLO_MD/1AFV/ene/primo_cluster.pdb;/home/dario/SPARTA_RAWDATA/APO_MD/1AFV/bender/hinges.dat;/home/dario/SPARTA_RAWDATA/OLO_MD/1AFV/bender/hinges.dat
1AHW;0050ns;/home/dario/SPARTA_RAWDATA/dataset/PDBapo/1AHW.pdb;30,31,32,33,52,54,55,57,58,100-102,244,246,263,306,307,308,310;/home/dario/SPARTA_RAWDATA/APO_MD/1AHW/DSSP/ssdump.dat;B;A;C;/home/dario/SPARTA_RAWDATA/dataset/pdb_originali/1AHW.pdb;/home/dario/SPARTA_RAWDATA/APO_MD/1AHW/cluster/rmsd-dist.xvg;/home/dario/SPARTA_RAWDATA/OLO_MD/1AHW/cluster/rmsd-dist.xvg;/home/dario/SPARTA_RAWDATA/APO_MD/1AHW/RMSF/rmsf.ca.xvg;/home/dario/SPARTA_RAWDATA/OLO_MD/1AHW/RMSF/rmsf.ca.xvg;/home/dario/SPARTA_RAWDATA/APO_MD/1AHW/emma/emmadist.dat;/home/dario/SPARTA_RAWDATA/OLO_MD/1AHW/emma/emmadist.dat;/home/dario/SPARTA_RAWDATA/APO_MD/1AHW/emma/emmatrix.dat;/home/dario/SPARTA_RAWDATA/OLO_MD/1AHW/emma/emmatrix.dat;/home/dario/SPARTA_RAWDATA/APO_MD/1AHW/cluster/clust-size.xvg;/home/dario/SPARTA_RAWDATA/OLO_MD/1AHW/cluster/clust-size.xvg;/home/dario/SPARTA_RAWDATA/APO_MD/1AHW/ene/enedist.dat;/home/dario/SPARTA_RAWDATA/OLO_MD/1AHW/ene/enedist.dat;/home/dario/SPARTA_RAWDATA/APO_MD/1AHW/ene/enematrix.dat;/home/dario/SPARTA_RAWDATA/OLO_MD/1AHW/ene/enematrix.dat;/home/dario/SPARTA_RAWDATA/APO_MD/1AHW/ene/primo_cluster.pdb;/home/dario/SPARTA_RAWDATA/OLO_MD/1AHW/ene/primo_cluster.pdb;/home/dario/SPARTA_RAWDATA/APO_MD/1AHW/bender/hinges.dat;/home/dario/SPARTA_RAWDATA/OLO_MD/1AHW/bender/hinges.dat
1BGX;0050ns;/home/dario/SPARTA_RAWDATA/dataset/PDBapo/1BGX.pdb;51,53,54,55,61,62,98,99,100,101,240,242,258,262,264,299,300;/home/dario/SPARTA_RAWDATA/APO_MD/1BGX/DSSP/ssdump.dat;H;L;T;/home/dario/SPARTA_RAWDATA/dataset/pdb_originali/1BGX.pdb;/home/dario/SPARTA_RAWDATA/APO_MD/1BGX/cluster/rmsd-dist.xvg;/home/dario/SPARTA_RAWDATA/OLO_MD/1BGX/cluster/rmsd-dist.xvg;/home/dario/SPARTA_RAWDATA/APO_MD/1BGX/RMSF/rmsf.ca.xvg;/home/dario/SPARTA_RAWDATA/OLO_MD/1BGX/RMSF/rmsf.ca.xvg;/home/dario/SPARTA_RAWDATA/APO_MD/1BGX/emma/emmadist.dat;/home/dario/SPARTA_RAWDATA/OLO_MD/1BGX/emma/emmadist.dat;/home/dario/SPARTA_RAWDATA/APO_MD/1BGX/emma/emmatrix.dat;/home/dario/SPARTA_RAWDATA/OLO_MD/1BGX/emma/emmatrix.dat;/home/dario/SPARTA_RAWDATA/APO_MD/1BGX/cluster/clust-size.xvg;/home/dario/SPARTA_RAWDATA/OLO_MD/1BGX/cluster/clust-size.xvg;/home/dario/SPARTA_RAWDATA/APO_MD/1BGX/ene/enedist.dat;/home/dario/SPARTA_RAWDATA/OLO_MD/1BGX/ene/enedist.dat;/home/dario/SPARTA_RAWDATA/APO_MD/1BGX/ene/enematrix.dat;/home/dario/SPARTA_RAWDATA/OLO_MD/1BGX/ene/enematrix.dat;/home/dario/SPARTA_RAWDATA/APO_MD/1BGX/ene/primo_cluster.pdb;/home/dario/SPARTA_RAWDATA/OLO_MD/1BGX/ene/primo_cluster.pdb;/home/dario/SPARTA_RAWDATA/APO_MD/1BGX/bender/hinges.dat;/home/dario/SPARTA_RAWDATA/OLO_MD/1BGX/bender/hinges.dat
1FDL;0050ns;/home/dario/SPARTA_RAWDATA/dataset/PDBapo/1FDL.pdb;31,52,53,54,56,100,101,250,268,271,309,310,311;/home/dario/SPARTA_RAWDATA/APO_MD/1FDL/DSSP/ssdump.dat;H;L;Y;/home/dario/SPARTA_RAWDATA/dataset/pdb_originali/1FDL.pdb;/home/dario/SPARTA_RAWDATA/APO_MD/1FDL/cluster/rmsd-dist.xvg;/home/dario/SPARTA_RAWDATA/OLO_MD/1FDL/cluster/rmsd-dist.xvg;/home/dario/SPARTA_RAWDATA/APO_MD/1FDL/RMSF/rmsf.ca.xvg;/home/dario/SPARTA_RAWDATA/OLO_MD/1FDL/RMSF/rmsf.ca.xvg;/home/dario/SPARTA_RAWDATA/APO_MD/1FDL/emma/emmadist.dat;/home/dario/SPARTA_RAWDATA/OLO_MD/1FDL/emma/emmadist.dat;/home/dario/SPARTA_RAWDATA/APO_MD/1FDL/emma/emmatrix.dat;/home/dario/SPARTA_RAWDATA/OLO_MD/1FDL/emma/emmatrix.dat;/home/dario/SPARTA_RAWDATA/APO_MD/1FDL/cluster/clust-size.xvg;/home/dario/SPARTA_RAWDATA/OLO_MD/1FDL/cluster/clust-size.xvg;/home/dario/SPARTA_RAWDATA/APO_MD/1FDL/ene/enedist.dat;/home/dario/SPARTA_RAWDATA/OLO_MD/1FDL/ene/enedist.dat;/home/dario/SPARTA_RAWDATA/APO_MD/1FDL/ene/enematrix.dat;/home/dario/SPARTA_RAWDATA/OLO_MD/1FDL/ene/enematrix.dat;/home/dario/SPARTA_RAWDATA/APO_MD/1FDL/ene/primo_cluster.pdb;/home/dario/SPARTA_RAWDATA/OLO_MD/1FDL/ene/primo_cluster.pdb;/home/dario/SPARTA_RAWDATA/APO_MD/1FDL/bender/hinges.dat;/home/dario/SPARTA_RAWDATA/OLO_MD/1FDL/bender/hinges.dat
1FE8;0050ns;/home/dario/SPARTA_RAWDATA/dataset/PDBapo/1FE8.pdb;null;/home/dario/SPARTA_RAWDATA/APO_MD/1FE8/DSSP/ssdump.dat;H;L;A;/home/dario/SPARTA_RAWDATA/dataset/pdb_originali/1FE8.pdb;/home/dario/SPARTA_RAWDATA/APO_MD/1FE8/cluster/rmsd-dist.xvg;/home/dario/SPARTA_RAWDATA/OLO_MD/1FE8/cluster/rmsd-dist.xvg;/home/dario/SPARTA_RAWDATA/APO_MD/1FE8/RMSF/rmsf.ca.xvg;/home/dario/SPARTA_RAWDATA/OLO_MD/1FE8/RMSF/rmsf.ca.xvg;/home/dario/SPARTA_RAWDATA/APO_MD/1FE8/emma/emmadist.dat;/home/dario/SPARTA_RAWDATA/OLO_MD/1FE8/emma/emmadist.dat;/home/dario/SPARTA_RAWDATA/APO_MD/1FE8/emma/emmatrix.dat;/home/dario/SPARTA_RAWDATA/OLO_MD/1FE8/emma/emmatrix.dat;/home/dario/SPARTA_RAWDATA/APO_MD/1FE8/cluster/clust-size.xvg;/home/dario/SPARTA_RAWDATA/OLO_MD/1FE8/cluster/clust-size.xvg;/home/dario/SPARTA_RAWDATA/APO_MD/1FE8/ene/enedist.dat;/home/dario/SPARTA_RAWDATA/OLO_MD/1FE8/ene/enedist.dat;/home/dario/SPARTA_RAWDATA/APO_MD/1FE8/ene/enematrix.dat;/home/dario/SPARTA_RAWDATA/OLO_MD/1FE8/ene/enematrix.dat;/home/dario/SPARTA_RAWDATA/APO_MD/1FE8/ene/primo_cluster.pdb;/home/dario/SPARTA_RAWDATA/OLO_MD/1FE8/ene/primo_cluster.pdb;/home/dario/SPARTA_RAWDATA/APO_MD/1FE8/bender/hinges.dat;/home/dario/SPARTA_RAWDATA/OLO_MD/1FE8/bender/hinges.dat
1FSK;0050ns;/home/dario/SPARTA_RAWDATA/dataset/PDBapo/1FSK.pdb;32,33,98,99,100,101,102,103,104,251,311,312,314,316;/home/dario/SPARTA_RAWDATA/APO_MD/1FSK/DSSP/ssdump.dat;C;B;A;/home/dario/SPARTA_RAWDATA/dataset/pdb_originali/1FSK.pdb;/home/dario/SPARTA_RAWDATA/APO_MD/1FSK/cluster/rmsd-dist.xvg;/home/dario/SPARTA_RAWDATA/OLO_MD/1FSK/cluster/rmsd-dist.xvg;/home/dario/SPARTA_RAWDATA/APO_MD/1FSK/RMSF/rmsf.ca.xvg;/home/dario/SPARTA_RAWDATA/OLO_MD/1FSK/RMSF/rmsf.ca.xvg;/home/dario/SPARTA_RAWDATA/APO_MD/1FSK/emma/emmadist.dat;/home/dario/SPARTA_RAWDATA/OLO_MD/1FSK/emma/emmadist.dat;/home/dario/SPARTA_RAWDATA/APO_MD/1FSK/emma/emmatrix.dat;/home/dario/SPARTA_RAWDATA/OLO_MD/1FSK/emma/emmatrix.dat;/home/dario/SPARTA_RAWDATA/APO_MD/1FSK/cluster/clust-size.xvg;/home/dario/SPARTA_RAWDATA/OLO_MD/1FSK/cluster/clust-size.xvg;/home/dario/SPARTA_RAWDATA/APO_MD/1FSK/ene/enedist.dat;/home/dario/SPARTA_RAWDATA/OLO_MD/1FSK/ene/enedist.dat;/home/dario/SPARTA_RAWDATA/APO_MD/1FSK/ene/enematrix.dat;/home/dario/SPARTA_RAWDATA/OLO_MD/1FSK/ene/enematrix.dat;/home/dario/SPARTA_RAWDATA/APO_MD/1FSK/ene/primo_cluster.pdb;/home/dario/SPARTA_RAWDATA/OLO_MD/1FSK/ene/primo_cluster.pdb;/home/dario/SPARTA_RAWDATA/APO_MD/1FSK/bender/hinges.dat;/home/dario/SPARTA_RAWDATA/OLO_MD/1FSK/bender/hinges.dat
1H0D;0050ns;/home/dario/SPARTA_RAWDATA/dataset/PDBapo/1H0D.pdb;33,53,54,57,59,102,251,252,315,316;/home/dario/SPARTA_RAWDATA/APO_MD/1H0D/DSSP/ssdump.dat;B;A;C;/home/dario/SPARTA_RAWDATA/dataset/pdb_originali/1H0D.pdb;/home/dario/SPARTA_RAWDATA/APO_MD/1H0D/cluster/rmsd-dist.xvg;/home/dario/SPARTA_RAWDATA/OLO_MD/1H0D/cluster/rmsd-dist.xvg;/home/dario/SPARTA_RAWDATA/APO_MD/1H0D/RMSF/rmsf.ca.xvg;/home/dario/SPARTA_RAWDATA/OLO_MD/1H0D/RMSF/rmsf.ca.xvg;/home/dario/SPARTA_RAWDATA/APO_MD/1H0D/emma/emmadist.dat;/home/dario/SPARTA_RAWDATA/OLO_MD/1H0D/emma/emmadist.dat;/home/dario/SPARTA_RAWDATA/APO_MD/1H0D/emma/emmatrix.dat;/home/dario/SPARTA_RAWDATA/OLO_MD/1H0D/emma/emmatrix.dat;/home/dario/SPARTA_RAWDATA/APO_MD/1H0D/cluster/clust-size.xvg;/home/dario/SPARTA_RAWDATA/OLO_MD/1H0D/cluster/clust-size.xvg;/home/dario/SPARTA_RAWDATA/APO_MD/1H0D/ene/enedist.dat;/home/dario/SPARTA_RAWDATA/OLO_MD/1H0D/ene/enedist.dat;/home/dario/SPARTA_RAWDATA/APO_MD/1H0D/ene/enematrix.dat;/home/dario/SPARTA_RAWDATA/OLO_MD/1H0D/ene/enematrix.dat;/home/dario/SPARTA_RAWDATA/APO_MD/1H0D/ene/primo_cluster.pdb;/home/dario/SPARTA_RAWDATA/OLO_MD/1H0D/ene/primo_cluster.pdb;/home/dario/SPARTA_RAWDATA/APO_MD/1H0D/bender/hinges.dat;/home/dario/SPARTA_RAWDATA/OLO_MD/1H0D/bender/hinges.dat
1IQD;0050ns;/home/dario/SPARTA_RAWDATA/dataset/PDBapo/1IQD.pdb;52,102;/home/dario/SPARTA_RAWDATA/APO_MD/1IQD/DSSP/ssdump.dat;B;A;C;/home/dario/SPARTA_RAWDATA/dataset/pdb_originali/1IQD.pdb;/home/dario/SPARTA_RAWDATA/APO_MD/1IQD/cluster/rmsd-dist.xvg;/home/dario/SPARTA_RAWDATA/OLO_MD/1IQD/cluster/rmsd-dist.xvg;/home/dario/SPARTA_RAWDATA/APO_MD/1IQD/RMSF/rmsf.ca.xvg;/home/dario/SPARTA_RAWDATA/OLO_MD/1IQD/RMSF/rmsf.ca.xvg;/home/dario/SPARTA_RAWDATA/APO_MD/1IQD/emma/emmadist.dat;/home/dario/SPARTA_RAWDATA/OLO_MD/1IQD/emma/emmadist.dat;/home/dario/SPARTA_RAWDATA/APO_MD/1IQD/emma/emmatrix.dat;/home/dario/SPARTA_RAWDATA/OLO_MD/1IQD/emma/emmatrix.dat;/home/dario/SPARTA_RAWDATA/APO_MD/1IQD/cluster/clust-size.xvg;/home/dario/SPARTA_RAWDATA/OLO_MD/1IQD/cluster/clust-size.xvg;/home/dario/SPARTA_RAWDATA/APO_MD/1IQD/ene/enedist.dat;/home/dario/SPARTA_RAWDATA/OLO_MD/1IQD/ene/enedist.dat;/home/dario/SPARTA_RAWDATA/APO_MD/1IQD/ene/enematrix.dat;/home/dario/SPARTA_RAWDATA/OLO_MD/1IQD/ene/enematrix.dat;/home/dario/SPARTA_RAWDATA/APO_MD/1IQD/ene/primo_cluster.pdb;/home/dario/SPARTA_RAWDATA/OLO_MD/1IQD/ene/primo_cluster.pdb;/home/dario/SPARTA_RAWDATA/APO_MD/1IQD/bender/hinges.dat;/home/dario/SPARTA_RAWDATA/OLO_MD/1IQD/bender/hinges.dat
1MHP;0050ns;/home/dario/SPARTA_RAWDATA/dataset/PDBapo/1MHP.pdb;56,58,308,311,313;/home/dario/SPARTA_RAWDATA/APO_MD/1MHP/DSSP/ssdump.dat;H;L;A;/home/dario/SPARTA_RAWDATA/dataset/pdb_originali/1MHP.pdb;/home/dario/SPARTA_RAWDATA/APO_MD/1MHP/cluster/rmsd-dist.xvg;/home/dario/SPARTA_RAWDATA/OLO_MD/1MHP_Mg/cluster/rmsd-dist.xvg;/home/dario/SPARTA_RAWDATA/APO_MD/1MHP/RMSF/rmsf.ca.xvg;/home/dario/SPARTA_RAWDATA/OLO_MD/1MHP_Mg/RMSF/rmsf.ca.xvg;/home/dario/SPARTA_RAWDATA/APO_MD/1MHP/emma/emmadist.dat;/home/dario/SPARTA_RAWDATA/OLO_MD/1MHP_Mg/emma/emmadist.dat;/home/dario/SPARTA_RAWDATA/APO_MD/1MHP/emma/emmatrix.dat;/home/dario/SPARTA_RAWDATA/OLO_MD/1MHP_Mg/emma/emmatrix.dat;/home/dario/SPARTA_RAWDATA/APO_MD/1MHP/cluster/clust-size.xvg;/home/dario/SPARTA_RAWDATA/OLO_MD/1MHP_Mg/cluster/clust-size.xvg;/home/dario/SPARTA_RAWDATA/APO_MD/1MHP/ene/enedist.dat;/home/dario/SPARTA_RAWDATA/OLO_MD/1MHP_Mg/ene/enedist.dat;/home/dario/SPARTA_RAWDATA/APO_MD/1MHP/ene/enematrix.dat;/home/dario/SPARTA_RAWDATA/OLO_MD/1MHP_Mg/ene/enematrix.dat;/home/dario/SPARTA_RAWDATA/APO_MD/1MHP/ene/primo_cluster.pdb;/home/dario/SPARTA_RAWDATA/OLO_MD/1MHP_Mg/ene/primo_cluster.pdb;/home/dario/SPARTA_RAWDATA/APO_MD/1MHP/bender/hinges.dat;/home/dario/SPARTA_RAWDATA/OLO_MD/1MHP_Mg/bender/hinges.dat
1NCA;0050ns;/home/dario/SPARTA_RAWDATA/dataset/PDBapo/1NCA.pdb;null;/home/dario/SPARTA_RAWDATA/APO_MD/1NCA/DSSP/ssdump.dat;H;L;N;/home/dario/SPARTA_RAWDATA/dataset/pdb_originali/1NCA.pdb;/home/dario/SPARTA_RAWDATA/APO_MD/1NCA/cluster/rmsd-dist.xvg;/home/dario/SPARTA_RAWDATA/OLO_MD/1NCA/cluster/rmsd-dist.xvg;/home/dario/SPARTA_RAWDATA/APO_MD/1NCA/RMSF/rmsf.ca.xvg;/home/dario/SPARTA_RAWDATA/OLO_MD/1NCA/RMSF/rmsf.ca.xvg;/home/dario/SPARTA_RAWDATA/APO_MD/1NCA/emma/emmadist.dat;/home/dario/SPARTA_RAWDATA/OLO_MD/1NCA/emma/emmadist.dat;/home/dario/SPARTA_RAWDATA/APO_MD/1NCA/emma/emmatrix.dat;/home/dario/SPARTA_RAWDATA/OLO_MD/1NCA/emma/emmatrix.dat;/home/dario/SPARTA_RAWDATA/APO_MD/1NCA/cluster/clust-size.xvg;/home/dario/SPARTA_RAWDATA/OLO_MD/1NCA/cluster/clust-size.xvg;/home/dario/SPARTA_RAWDATA/APO_MD/1NCA/ene/enedist.dat;/home/dario/SPARTA_RAWDATA/OLO_MD/1NCA/ene/enedist.dat;/home/dario/SPARTA_RAWDATA/APO_MD/1NCA/ene/enematrix.dat;/home/dario/SPARTA_RAWDATA/OLO_MD/1NCA/ene/enematrix.dat;/home/dario/SPARTA_RAWDATA/APO_MD/1NCA/ene/primo_cluster.pdb;/home/dario/SPARTA_RAWDATA/OLO_MD/1NCA/ene/primo_cluster.pdb;/home/dario/SPARTA_RAWDATA/APO_MD/1NCA/bender/hinges.dat;/home/dario/SPARTA_RAWDATA/OLO_MD/1NCA/bender/hinges.dat
1NSN;0050ns;/home/dario/SPARTA_RAWDATA/dataset/PDBapo/1NSN.pdb;null;/home/dario/SPARTA_RAWDATA/APO_MD/1NSN/DSSP/ssdump.dat;H;L;S;/home/dario/SPARTA_RAWDATA/dataset/pdb_originali/1NSN.pdb;/home/dario/SPARTA_RAWDATA/APO_MD/1NSN/cluster/rmsd-dist.xvg;/home/dario/SPARTA_RAWDATA/OLO_MD/1NSN/cluster/rmsd-dist.xvg;/home/dario/SPARTA_RAWDATA/APO_MD/1NSN/RMSF/rmsf.ca.xvg;/home/dario/SPARTA_RAWDATA/OLO_MD/1NSN/RMSF/rmsf.ca.xvg;/home/dario/SPARTA_RAWDATA/APO_MD/1NSN/emma/emmadist.dat;/home/dario/SPARTA_RAWDATA/OLO_MD/1NSN/emma/emmadist.dat;/home/dario/SPARTA_RAWDATA/APO_MD/1NSN/emma/emmatrix.dat;/home/dario/SPARTA_RAWDATA/OLO_MD/1NSN/emma/emmatrix.dat;/home/dario/SPARTA_RAWDATA/APO_MD/1NSN/cluster/clust-size.xvg;/home/dario/SPARTA_RAWDATA/OLO_MD/1NSN/cluster/clust-size.xvg;/home/dario/SPARTA_RAWDATA/APO_MD/1NSN/ene/enedist.dat;/home/dario/SPARTA_RAWDATA/OLO_MD/1NSN/ene/enedist.dat;/home/dario/SPARTA_RAWDATA/APO_MD/1NSN/ene/enematrix.dat;/home/dario/SPARTA_RAWDATA/OLO_MD/1NSN/ene/enematrix.dat;/home/dario/SPARTA_RAWDATA/APO_MD/1NSN/ene/primo_cluster.pdb;/home/dario/SPARTA_RAWDATA/OLO_MD/1NSN/ene/primo_cluster.pdb;/home/dario/SPARTA_RAWDATA/APO_MD/1NSN/bender/hinges.dat;/home/dario/SPARTA_RAWDATA/OLO_MD/1NSN/bender/hinges.dat
1OAK;0050ns;/home/dario/SPARTA_RAWDATA/dataset/PDBapo/1OAK.pdb;53,54,56,57,58,98,102,105,107,255,315;/home/dario/SPARTA_RAWDATA/APO_MD/1OAK/DSSP/ssdump.dat;H;L;A;/home/dario/SPARTA_RAWDATA/dataset/pdb_originali/1OAK.pdb;/home/dario/SPARTA_RAWDATA/APO_MD/1OAK/cluster/rmsd-dist.xvg;/home/dario/SPARTA_RAWDATA/OLO_MD/1OAK/cluster/rmsd-dist.xvg;/home/dario/SPARTA_RAWDATA/APO_MD/1OAK/RMSF/rmsf.ca.xvg;/home/dario/SPARTA_RAWDATA/OLO_MD/1OAK/RMSF/rmsf.ca.xvg;/home/dario/SPARTA_RAWDATA/APO_MD/1OAK/emma/emmadist.dat;/home/dario/SPARTA_RAWDATA/OLO_MD/1OAK/emma/emmadist.dat;/home/dario/SPARTA_RAWDATA/APO_MD/1OAK/emma/emmatrix.dat;/home/dario/SPARTA_RAWDATA/OLO_MD/1OAK/emma/emmatrix.dat;/home/dario/SPARTA_RAWDATA/APO_MD/1OAK/cluster/clust-size.xvg;/home/dario/SPARTA_RAWDATA/OLO_MD/1OAK/cluster/clust-size.xvg;/home/dario/SPARTA_RAWDATA/APO_MD/1OAK/ene/enedist.dat;/home/dario/SPARTA_RAWDATA/OLO_MD/1OAK/ene/enedist.dat;/home/dario/SPARTA_RAWDATA/APO_MD/1OAK/ene/enematrix.dat;/home/dario/SPARTA_RAWDATA/OLO_MD/1OAK/ene/enematrix.dat;/home/dario/SPARTA_RAWDATA/APO_MD/1OAK/ene/primo_cluster.pdb;/home/dario/SPARTA_RAWDATA/OLO_MD/1OAK/ene/primo_cluster.pdb;/home/dario/SPARTA_RAWDATA/APO_MD/1OAK/bender/hinges.dat;/home/dario/SPARTA_RAWDATA/OLO_MD/1OAK/bender/hinges.dat
1PKQ;0050ns;/home/dario/SPARTA_RAWDATA/dataset/PDBapo/1PKQ.pdb;54,56,100,101,255,317;/home/dario/SPARTA_RAWDATA/APO_MD/1PKQ/DSSP/ssdump.dat;G;F;J;/home/dario/SPARTA_RAWDATA/dataset/pdb_originali/1PKQ.pdb;/home/dario/SPARTA_RAWDATA/APO_MD/1PKQ/cluster/rmsd-dist.xvg;/home/dario/SPARTA_RAWDATA/OLO_MD/1PKQ/cluster/rmsd-dist.xvg;/home/dario/SPARTA_RAWDATA/APO_MD/1PKQ/RMSF/rmsf.ca.xvg;/home/dario/SPARTA_RAWDATA/OLO_MD/1PKQ/RMSF/rmsf.ca.xvg;/home/dario/SPARTA_RAWDATA/APO_MD/1PKQ/emma/emmadist.dat;/home/dario/SPARTA_RAWDATA/OLO_MD/1PKQ/emma/emmadist.dat;/home/dario/SPARTA_RAWDATA/APO_MD/1PKQ/emma/emmatrix.dat;/home/dario/SPARTA_RAWDATA/OLO_MD/1PKQ/emma/emmatrix.dat;/home/dario/SPARTA_RAWDATA/APO_MD/1PKQ/cluster/clust-size.xvg;/home/dario/SPARTA_RAWDATA/OLO_MD/1PKQ/cluster/clust-size.xvg;/home/dario/SPARTA_RAWDATA/APO_MD/1PKQ/ene/enedist.dat;/home/dario/SPARTA_RAWDATA/OLO_MD/1PKQ/ene/enedist.dat;/home/dario/SPARTA_RAWDATA/APO_MD/1PKQ/ene/enematrix.dat;/home/dario/SPARTA_RAWDATA/OLO_MD/1PKQ/ene/enematrix.dat;/home/dario/SPARTA_RAWDATA/APO_MD/1PKQ/ene/primo_cluster.pdb;/home/dario/SPARTA_RAWDATA/OLO_MD/1PKQ/ene/primo_cluster.pdb;/home/dario/SPARTA_RAWDATA/APO_MD/1PKQ/bender/hinges.dat;/home/dario/SPARTA_RAWDATA/OLO_MD/1PKQ/bender/hinges.dat
1RJL;0050ns;/home/dario/SPARTA_RAWDATA/dataset/PDBapo/1RJL.pdb;null;/home/dario/SPARTA_RAWDATA/APO_MD/1RJL/DSSP/ssdump.dat;B;A;C;/home/dario/SPARTA_RAWDATA/dataset/pdb_originali/1RJL.pdb;/home/dario/SPARTA_RAWDATA/APO_MD/1RJL/cluster/rmsd-dist.xvg;/home/dario/SPARTA_RAWDATA/OLO_MD/1RJL/cluster/rmsd-dist.xvg;/home/dario/SPARTA_RAWDATA/APO_MD/1RJL/RMSF/rmsf.ca.xvg;/home/dario/SPARTA_RAWDATA/OLO_MD/1RJL/RMSF/rmsf.ca.xvg;/home/dario/SPARTA_RAWDATA/APO_MD/1RJL/emma/emmadist.dat;/home/dario/SPARTA_RAWDATA/OLO_MD/1RJL/emma/emmadist.dat;/home/dario/SPARTA_RAWDATA/APO_MD/1RJL/emma/emmatrix.dat;/home/dario/SPARTA_RAWDATA/OLO_MD/1RJL/emma/emmatrix.dat;/home/dario/SPARTA_RAWDATA/APO_MD/1RJL/cluster/clust-size.xvg;/home/dario/SPARTA_RAWDATA/OLO_MD/1RJL/cluster/clust-size.xvg;/home/dario/SPARTA_RAWDATA/APO_MD/1RJL/ene/enedist.dat;/home/dario/SPARTA_RAWDATA/OLO_MD/1RJL/ene/enedist.dat;/home/dario/SPARTA_RAWDATA/APO_MD/1RJL/ene/enematrix.dat;/home/dario/SPARTA_RAWDATA/OLO_MD/1RJL/ene/enematrix.dat;/home/dario/SPARTA_RAWDATA/APO_MD/1RJL/ene/primo_cluster.pdb;/home/dario/SPARTA_RAWDATA/OLO_MD/1RJL/ene/primo_cluster.pdb;/home/dario/SPARTA_RAWDATA/APO_MD/1RJL/bender/hinges.dat;/home/dario/SPARTA_RAWDATA/OLO_MD/1RJL/bender/hinges.dat
1TPX;0050ns;/home/dario/SPARTA_RAWDATA/dataset/PDBapo/1TPX.pdb;null;/home/dario/SPARTA_RAWDATA/APO_MD/1TPX/DSSP/ssdump.dat;B;C;A;/home/dario/SPARTA_RAWDATA/dataset/pdb_originali/1TPX.pdb;/home/dario/SPARTA_RAWDATA/APO_MD/1TPX/cluster/rmsd-dist.xvg;/home/dario/SPARTA_RAWDATA/OLO_MD/1TPX/cluster/rmsd-dist.xvg;/home/dario/SPARTA_RAWDATA/APO_MD/1TPX/RMSF/rmsf.ca.xvg;/home/dario/SPARTA_RAWDATA/OLO_MD/1TPX/RMSF/rmsf.ca.xvg;/home/dario/SPARTA_RAWDATA/APO_MD/1TPX/emma/emmadist.dat;/home/dario/SPARTA_RAWDATA/OLO_MD/1TPX/emma/emmadist.dat;/home/dario/SPARTA_RAWDATA/APO_MD/1TPX/emma/emmatrix.dat;/home/dario/SPARTA_RAWDATA/OLO_MD/1TPX/emma/emmatrix.dat;/home/dario/SPARTA_RAWDATA/APO_MD/1TPX/cluster/clust-size.xvg;/home/dario/SPARTA_RAWDATA/OLO_MD/1TPX/cluster/clust-size.xvg;/home/dario/SPARTA_RAWDATA/APO_MD/1TPX/ene/enedist.dat;/home/dario/SPARTA_RAWDATA/OLO_MD/1TPX/ene/enedist.dat;/home/dario/SPARTA_RAWDATA/APO_MD/1TPX/ene/enematrix.dat;/home/dario/SPARTA_RAWDATA/OLO_MD/1TPX/ene/enematrix.dat;/home/dario/SPARTA_RAWDATA/APO_MD/1TPX/ene/primo_cluster.pdb;/home/dario/SPARTA_RAWDATA/OLO_MD/1TPX/ene/primo_cluster.pdb;/home/dario/SPARTA_RAWDATA/APO_MD/1TPX/bender/hinges.dat;/home/dario/SPARTA_RAWDATA/OLO_MD/1TPX/bender/hinges.dat
1TZH;0050ns;/home/dario/SPARTA_RAWDATA/dataset/PDBapo/1TZH.pdb;null;/home/dario/SPARTA_RAWDATA/APO_MD/1TZH/DSSP/ssdump.dat;H;L;V;/home/dario/SPARTA_RAWDATA/dataset/pdb_originali/1TZH.pdb;/home/dario/SPARTA_RAWDATA/APO_MD/1TZH/cluster/rmsd-dist.xvg;/home/dario/SPARTA_RAWDATA/OLO_MD/1TZH/cluster/rmsd-dist.xvg;/home/dario/SPARTA_RAWDATA/APO_MD/1TZH/RMSF/rmsf.ca.xvg;/home/dario/SPARTA_RAWDATA/OLO_MD/1TZH/RMSF/rmsf.ca.xvg;/home/dario/SPARTA_RAWDATA/APO_MD/1TZH/emma/emmadist.dat;/home/dario/SPARTA_RAWDATA/OLO_MD/1TZH/emma/emmadist.dat;/home/dario/SPARTA_RAWDATA/APO_MD/1TZH/emma/emmatrix.dat;/home/dario/SPARTA_RAWDATA/OLO_MD/1TZH/emma/emmatrix.dat;/home/dario/SPARTA_RAWDATA/APO_MD/1TZH/cluster/clust-size.xvg;/home/dario/SPARTA_RAWDATA/OLO_MD/1TZH/cluster/clust-size.xvg;/home/dario/SPARTA_RAWDATA/APO_MD/1TZH/ene/enedist.dat;/home/dario/SPARTA_RAWDATA/OLO_MD/1TZH/ene/enedist.dat;/home/dario/SPARTA_RAWDATA/APO_MD/1TZH/ene/enematrix.dat;/home/dario/SPARTA_RAWDATA/OLO_MD/1TZH/ene/enematrix.dat;/home/dario/SPARTA_RAWDATA/APO_MD/1TZH/ene/primo_cluster.pdb;/home/dario/SPARTA_RAWDATA/OLO_MD/1TZH/ene/primo_cluster.pdb;/home/dario/SPARTA_RAWDATA/APO_MD/1TZH/bender/hinges.dat;/home/dario/SPARTA_RAWDATA/OLO_MD/1TZH/bender/hinges.dat
1YNT;0050ns;/home/dario/SPARTA_RAWDATA/dataset/PDBapo/1YNT.pdb;30,31,33,50,51,52,53,54,55,56,57,58,59,99,100,101,102,103,248,250,310,311,312;/home/dario/SPARTA_RAWDATA/APO_MD/1YNT/DSSP/ssdump.dat;B;A;F;/home/dario/SPARTA_RAWDATA/dataset/pdb_originali/1YNT.pdb;/home/dario/SPARTA_RAWDATA/APO_MD/1YNT/cluster/rmsd-dist.xvg;/home/dario/SPARTA_RAWDATA/OLO_MD/1YNT/cluster/rmsd-dist.xvg;/home/dario/SPARTA_RAWDATA/APO_MD/1YNT/RMSF/rmsf.ca.xvg;/home/dario/SPARTA_RAWDATA/OLO_MD/1YNT/RMSF/rmsf.ca.xvg;/home/dario/SPARTA_RAWDATA/APO_MD/1YNT/emma/emmadist.dat;/home/dario/SPARTA_RAWDATA/OLO_MD/1YNT/emma/emmadist.dat;/home/dario/SPARTA_RAWDATA/APO_MD/1YNT/emma/emmatrix.dat;/home/dario/SPARTA_RAWDATA/OLO_MD/1YNT/emma/emmatrix.dat;/home/dario/SPARTA_RAWDATA/APO_MD/1YNT/cluster/clust-size.xvg;/home/dario/SPARTA_RAWDATA/OLO_MD/1YNT/cluster/clust-size.xvg;/home/dario/SPARTA_RAWDATA/APO_MD/1YNT/ene/enedist.dat;/home/dario/SPARTA_RAWDATA/OLO_MD/1YNT/ene/enedist.dat;/home/dario/SPARTA_RAWDATA/APO_MD/1YNT/ene/enematrix.dat;/home/dario/SPARTA_RAWDATA/OLO_MD/1YNT/ene/enematrix.dat;/home/dario/SPARTA_RAWDATA/APO_MD/1YNT/ene/primo_cluster.pdb;/home/dario/SPARTA_RAWDATA/OLO_MD/1YNT/ene/primo_cluster.pdb;/home/dario/SPARTA_RAWDATA/APO_MD/1YNT/bender/hinges.dat;/home/dario/SPARTA_RAWDATA/OLO_MD/1YNT/bender/hinges.dat
1YQV;0050ns;/home/dario/SPARTA_RAWDATA/dataset/PDBapo/1YQV.pdb;null;/home/dario/SPARTA_RAWDATA/APO_MD/1YQV/DSSP/ssdump.dat;H;L;Y;/home/dario/SPARTA_RAWDATA/dataset/pdb_originali/1YQV.pdb;/home/dario/SPARTA_RAWDATA/APO_MD/1YQV/cluster/rmsd-dist.xvg;/home/dario/SPARTA_RAWDATA/OLO_MD/1YQV/cluster/rmsd-dist.xvg;/home/dario/SPARTA_RAWDATA/APO_MD/1YQV/RMSF/rmsf.ca.xvg;/home/dario/SPARTA_RAWDATA/OLO_MD/1YQV/RMSF/rmsf.ca.xvg;/home/dario/SPARTA_RAWDATA/APO_MD/1YQV/emma/emmadist.dat;/home/dario/SPARTA_RAWDATA/OLO_MD/1YQV/emma/emmadist.dat;/home/dario/SPARTA_RAWDATA/APO_MD/1YQV/emma/emmatrix.dat;/home/dario/SPARTA_RAWDATA/OLO_MD/1YQV/emma/emmatrix.dat;/home/dario/SPARTA_RAWDATA/APO_MD/1YQV/cluster/clust-size.xvg;/home/dario/SPARTA_RAWDATA/OLO_MD/1YQV/cluster/clust-size.xvg;/home/dario/SPARTA_RAWDATA/APO_MD/1YQV/ene/enedist.dat;/home/dario/SPARTA_RAWDATA/OLO_MD/1YQV/ene/enedist.dat;/home/dario/SPARTA_RAWDATA/APO_MD/1YQV/ene/enematrix.dat;/home/dario/SPARTA_RAWDATA/OLO_MD/1YQV/ene/enematrix.dat;/home/dario/SPARTA_RAWDATA/APO_MD/1YQV/ene/primo_cluster.pdb;/home/dario/SPARTA_RAWDATA/OLO_MD/1YQV/ene/primo_cluster.pdb;/home/dario/SPARTA_RAWDATA/APO_MD/1YQV/bender/hinges.dat;/home/dario/SPARTA_RAWDATA/OLO_MD/1YQV/bender/hinges.dat
2ADF;0050ns;/home/dario/SPARTA_RAWDATA/dataset/PDBapo/2ADF.pdb;31,32,50,99,103,266,311;/home/dario/SPARTA_RAWDATA/APO_MD/2ADF/DSSP/ssdump.dat;H;L;A;/home/dario/SPARTA_RAWDATA/dataset/pdb_originali/2ADF.pdb;/home/dario/SPARTA_RAWDATA/APO_MD/2ADF/cluster/rmsd-dist.xvg;/home/dario/SPARTA_RAWDATA/OLO_MD/2ADF/cluster/rmsd-dist.xvg;/home/dario/SPARTA_RAWDATA/APO_MD/2ADF/RMSF/rmsf.ca.xvg;/home/dario/SPARTA_RAWDATA/OLO_MD/2ADF/RMSF/rmsf.ca.xvg;/home/dario/SPARTA_RAWDATA/APO_MD/2ADF/emma/emmadist.dat;/home/dario/SPARTA_RAWDATA/OLO_MD/2ADF/emma/emmadist.dat;/home/dario/SPARTA_RAWDATA/APO_MD/2ADF/emma/emmatrix.dat;/home/dario/SPARTA_RAWDATA/OLO_MD/2ADF/emma/emmatrix.dat;/home/dario/SPARTA_RAWDATA/APO_MD/2ADF/cluster/clust-size.xvg;/home/dario/SPARTA_RAWDATA/OLO_MD/2ADF/cluster/clust-size.xvg;/home/dario/SPARTA_RAWDATA/APO_MD/2ADF/ene/enedist.dat;/home/dario/SPARTA_RAWDATA/OLO_MD/2ADF/ene/enedist.dat;/home/dario/SPARTA_RAWDATA/APO_MD/2ADF/ene/enematrix.dat;/home/dario/SPARTA_RAWDATA/OLO_MD/2ADF/ene/enematrix.dat;/home/dario/SPARTA_RAWDATA/APO_MD/2ADF/ene/primo_cluster.pdb;/home/dario/SPARTA_RAWDATA/OLO_MD/2ADF/ene/primo_cluster.pdb;/home/dario/SPARTA_RAWDATA/APO_MD/2ADF/bender/hinges.dat;/home/dario/SPARTA_RAWDATA/OLO_MD/2ADF/bender/hinges.dat
2FJH;0050ns;/home/dario/SPARTA_RAWDATA/dataset/PDBapo/2FJH.pdb;nulll;/home/dario/SPARTA_RAWDATA/APO_MD/2FJH/DSSP/ssdump.dat;H;L;V;/home/dario/SPARTA_RAWDATA/dataset/pdb_originali/2FJH.pdb;/home/dario/SPARTA_RAWDATA/APO_MD/2FJH/cluster/rmsd-dist.xvg;/home/dario/SPARTA_RAWDATA/OLO_MD/2FJH/cluster/rmsd-dist.xvg;/home/dario/SPARTA_RAWDATA/APO_MD/2FJH/RMSF/rmsf.ca.xvg;/home/dario/SPARTA_RAWDATA/OLO_MD/2FJH/RMSF/rmsf.ca.xvg;/home/dario/SPARTA_RAWDATA/APO_MD/2FJH/emma/emmadist.dat;/home/dario/SPARTA_RAWDATA/OLO_MD/2FJH/emma/emmadist.dat;/home/dario/SPARTA_RAWDATA/APO_MD/2FJH/emma/emmatrix.dat;/home/dario/SPARTA_RAWDATA/OLO_MD/2FJH/emma/emmatrix.dat;/home/dario/SPARTA_RAWDATA/APO_MD/2FJH/cluster/clust-size.xvg;/home/dario/SPARTA_RAWDATA/OLO_MD/2FJH/cluster/clust-size.xvg;/home/dario/SPARTA_RAWDATA/APO_MD/2FJH/ene/enedist.dat;/home/dario/SPARTA_RAWDATA/OLO_MD/2FJH/ene/enedist.dat;/home/dario/SPARTA_RAWDATA/APO_MD/2FJH/ene/enematrix.dat;/home/dario/SPARTA_RAWDATA/OLO_MD/2FJH/ene/enematrix.dat;/home/dario/SPARTA_RAWDATA/APO_MD/2FJH/ene/primo_cluster.pdb;/home/dario/SPARTA_RAWDATA/OLO_MD/2FJH/ene/primo_cluster.pdb;/home/dario/SPARTA_RAWDATA/APO_MD/2FJH/bender/hinges.dat;/home/dario/SPARTA_RAWDATA/OLO_MD/2FJH/bender/hinges.dat
2JEL;0050ns;/home/dario/SPARTA_RAWDATA/dataset/PDBapo/2JEL.pdb;30,32,49,51,53,54,56,99,100,103,248,249,250,254,272,313,314;/home/dario/SPARTA_RAWDATA/APO_MD/2JEL/DSSP/ssdump.dat;H;L;P;/home/dario/SPARTA_RAWDATA/dataset/pdb_originali/2JEL.pdb;/home/dario/SPARTA_RAWDATA/APO_MD/2JEL/cluster/rmsd-dist.xvg;/home/dario/SPARTA_RAWDATA/OLO_MD/2JEL/cluster/rmsd-dist.xvg;/home/dario/SPARTA_RAWDATA/APO_MD/2JEL/RMSF/rmsf.ca.xvg;/home/dario/SPARTA_RAWDATA/OLO_MD/2JEL/RMSF/rmsf.ca.xvg;/home/dario/SPARTA_RAWDATA/APO_MD/2JEL/emma/emmadist.dat;/home/dario/SPARTA_RAWDATA/OLO_MD/2JEL/emma/emmadist.dat;/home/dario/SPARTA_RAWDATA/APO_MD/2JEL/emma/emmatrix.dat;/home/dario/SPARTA_RAWDATA/OLO_MD/2JEL/emma/emmatrix.dat;/home/dario/SPARTA_RAWDATA/APO_MD/2JEL/cluster/clust-size.xvg;/home/dario/SPARTA_RAWDATA/OLO_MD/2JEL/cluster/clust-size.xvg;/home/dario/SPARTA_RAWDATA/APO_MD/2JEL/ene/enedist.dat;/home/dario/SPARTA_RAWDATA/OLO_MD/2JEL/ene/enedist.dat;/home/dario/SPARTA_RAWDATA/APO_MD/2JEL/ene/enematrix.dat;/home/dario/SPARTA_RAWDATA/OLO_MD/2JEL/ene/enematrix.dat;/home/dario/SPARTA_RAWDATA/APO_MD/2JEL/ene/primo_cluster.pdb;/home/dario/SPARTA_RAWDATA/OLO_MD/2JEL/ene/primo_cluster.pdb;/home/dario/SPARTA_RAWDATA/APO_MD/2JEL/bender/hinges.dat;/home/dario/SPARTA_RAWDATA/OLO_MD/2JEL/bender/hinges.dat
1NDG;0200ns;/home/dario/SPARTA_RAWDATA/dataset/PDBapo/1NDG.pdb;30,31,32,33,50,52,53,54,56,58,98,241,242,260,263,302,304;/home/dario/SPARTA_RAWDATA/DUSCENTO/1NDGapo/DSSP/ssdump.dat;B;A;C;/home/dario/SPARTA_RAWDATA/dataset/pdb_originali/1NDG.pdb;/home/dario/SPARTA_RAWDATA/DUSCENTO/1NDGapo/cluster/rmsd-dist.xvg;/home/dario/SPARTA_RAWDATA/DUSCENTO/1NDGolo/cluster/rmsd-dist.xvg;/home/dario/SPARTA_RAWDATA/DUSCENTO/1NDGapo/RMSF/rmsf.ca.xvg;/home/dario/SPARTA_RAWDATA/DUSCENTO/1NDGolo/RMSF/rmsf.ca.xvg;/home/dario/SPARTA_RAWDATA/DUSCENTO/1NDGapo/emma/emmadist.dat;/home/dario/SPARTA_RAWDATA/DUSCENTO/1NDGolo/emma/emmadist.dat;/home/dario/SPARTA_RAWDATA/DUSCENTO/1NDGapo/emma/emmatrix.dat;/home/dario/SPARTA_RAWDATA/DUSCENTO/1NDGolo/emma/emmatrix.dat;/home/dario/SPARTA_RAWDATA/DUSCENTO/1NDGapo/cluster/clust-size.xvg;/home/dario/SPARTA_RAWDATA/DUSCENTO/1NDGolo/cluster/clust-size.xvg;/home/dario/SPARTA_RAWDATA/DUSCENTO/1NDGapo/ene/enedist.dat;/home/dario/SPARTA_RAWDATA/DUSCENTO/1NDGolo/ene/enedist.dat;/home/dario/SPARTA_RAWDATA/DUSCENTO/1NDGapo/ene/enematrix.dat;/home/dario/SPARTA_RAWDATA/DUSCENTO/1NDGolo/ene/enematrix.dat;/home/dario/SPARTA_RAWDATA/DUSCENTO/1NDGapo/ene/primo_cluster.pdb;/home/dario/SPARTA_RAWDATA/DUSCENTO/1NDGolo/ene/primo_cluster.pdb;/home/dario/SPARTA_RAWDATA/DUSCENTO/1NDGapo/bender/hinges.dat;/home/dario/SPARTA_RAWDATA/DUSCENTO/1NDGolo/bender/hinges.dat
1DQJ;0200ns;/home/dario/SPARTA_RAWDATA/dataset/PDBapo/1DQJ.pdb;30,31,32,33,50,52,53,54,56,58,98,240,241,242,260,263,301,302,304,306;/home/dario/SPARTA_RAWDATA/DUSCENTO/1DQJapo/DSSP/ssdump.dat;B;A;C;/home/dario/SPARTA_RAWDATA/dataset/pdb_originali/1DQJ.pdb;/home/dario/SPARTA_RAWDATA/DUSCENTO/1DQJapo/cluster/rmsd-dist.xvg;/home/dario/SPARTA_RAWDATA/DUSCENTO/1DQJolo/cluster/rmsd-dist.xvg;/home/dario/SPARTA_RAWDATA/DUSCENTO/1DQJapo/RMSF/rmsf.ca.xvg;/home/dario/SPARTA_RAWDATA/DUSCENTO/1DQJolo/RMSF/rmsf.ca.xvg;/home/dario/SPARTA_RAWDATA/DUSCENTO/1DQJapo/emma/emmadist.dat;/home/dario/SPARTA_RAWDATA/DUSCENTO/1DQJolo/emma/emmadist.dat;/home/dario/SPARTA_RAWDATA/DUSCENTO/1DQJapo/emma/emmatrix.dat;/home/dario/SPARTA_RAWDATA/DUSCENTO/1DQJolo/emma/emmatrix.dat;/home/dario/SPARTA_RAWDATA/DUSCENTO/1DQJapo/cluster/clust-size.xvg;/home/dario/SPARTA_RAWDATA/DUSCENTO/1DQJolo/cluster/clust-size.xvg;/home/dario/SPARTA_RAWDATA/DUSCENTO/1DQJapo/ene/enedist.dat;/home/dario/SPARTA_RAWDATA/DUSCENTO/1DQJolo/ene/enedist.dat;/home/dario/SPARTA_RAWDATA/DUSCENTO/1DQJapo/ene/enematrix.dat;/home/dario/SPARTA_RAWDATA/DUSCENTO/1DQJolo/ene/enematrix.dat;/home/dario/SPARTA_RAWDATA/DUSCENTO/1DQJapo/ene/primo_cluster.pdb;/home/dario/SPARTA_RAWDATA/DUSCENTO/1DQJolo/ene/primo_cluster.pdb;/home/dario/SPARTA_RAWDATA/DUSCENTO/1DQJapo/bender/hinges.dat;/home/dario/SPARTA_RAWDATA/DUSCENTO/1DQJolo/bender/hinges.dat
1NDM;0200ns;/home/dario/SPARTA_RAWDATA/dataset/PDBapo/1NDM.pdb;30,31,32,33,50,52,53,54,56,58,98,241,242,260,263,302,304;/home/dario/SPARTA_RAWDATA/DUSCENTO/1NDMapo/DSSP/ssdump.dat;B;A;C;/home/dario/SPARTA_RAWDATA/dataset/pdb_originali/1NDM.pdb;/home/dario/SPARTA_RAWDATA/DUSCENTO/1NDMapo/cluster/rmsd-dist.xvg;/home/dario/SPARTA_RAWDATA/DUSCENTO/1NDMolo/cluster/rmsd-dist.xvg;/home/dario/SPARTA_RAWDATA/DUSCENTO/1NDMapo/RMSF/rmsf.ca.xvg;/home/dario/SPARTA_RAWDATA/DUSCENTO/1NDMolo/RMSF/rmsf.ca.xvg;/home/dario/SPARTA_RAWDATA/DUSCENTO/1NDMapo/emma/emmadist.dat;/home/dario/SPARTA_RAWDATA/DUSCENTO/1NDMolo/emma/emmadist.dat;/home/dario/SPARTA_RAWDATA/DUSCENTO/1NDMapo/emma/emmatrix.dat;/home/dario/SPARTA_RAWDATA/DUSCENTO/1NDMolo/emma/emmatrix.dat;/home/dario/SPARTA_RAWDATA/DUSCENTO/1NDMapo/cluster/clust-size.xvg;/home/dario/SPARTA_RAWDATA/DUSCENTO/1NDMolo/cluster/clust-size.xvg;/home/dario/SPARTA_RAWDATA/DUSCENTO/1NDMapo/ene/enedist.dat;/home/dario/SPARTA_RAWDATA/DUSCENTO/1NDMolo/ene/enedist.dat;/home/dario/SPARTA_RAWDATA/DUSCENTO/1NDMapo/ene/enematrix.dat;/home/dario/SPARTA_RAWDATA/DUSCENTO/1NDMolo/ene/enematrix.dat;/home/dario/SPARTA_RAWDATA/DUSCENTO/1NDMapo/ene/primo_cluster.pdb;/home/dario/SPARTA_RAWDATA/DUSCENTO/1NDMolo/ene/primo_cluster.pdb;/home/dario/SPARTA_RAWDATA/DUSCENTO/1NDMapo/bender/hinges.dat;/home/dario/SPARTA_RAWDATA/DUSCENTO/1NDMolo/bender/hinges.dat
1P2C;0200ns;/home/dario/SPARTA_RAWDATA/dataset/PDBapo/1P2C.pdb;null;/home/dario/SPARTA_RAWDATA/DUSCENTO/1P2Capo/DSSP/ssdump.dat;B;A;C;/home/dario/SPARTA_RAWDATA/dataset/pdb_originali/1P2C.pdb;/home/dario/SPARTA_RAWDATA/DUSCENTO/1P2Capo/cluster/rmsd-dist.xvg;/home/dario/SPARTA_RAWDATA/DUSCENTO/1P2Colo/cluster/rmsd-dist.xvg;/home/dario/SPARTA_RAWDATA/DUSCENTO/1P2Capo/RMSF/rmsf.ca.xvg;/home/dario/SPARTA_RAWDATA/DUSCENTO/1P2Colo/RMSF/rmsf.ca.xvg;/home/dario/SPARTA_RAWDATA/DUSCENTO/1P2Capo/emma/emmadist.dat;/home/dario/SPARTA_RAWDATA/DUSCENTO/1P2Colo/emma/emmadist.dat;/home/dario/SPARTA_RAWDATA/DUSCENTO/1P2Capo/emma/emmatrix.dat;/home/dario/SPARTA_RAWDATA/DUSCENTO/1P2Colo/emma/emmatrix.dat;/home/dario/SPARTA_RAWDATA/DUSCENTO/1P2Capo/cluster/clust-size.xvg;/home/dario/SPARTA_RAWDATA/DUSCENTO/1P2Colo/cluster/clust-size.xvg;/home/dario/SPARTA_RAWDATA/DUSCENTO/1P2Capo/ene/enedist.dat;/home/dario/SPARTA_RAWDATA/DUSCENTO/1P2Colo/ene/enedist.dat;/home/dario/SPARTA_RAWDATA/DUSCENTO/1P2Capo/ene/enematrix.dat;/home/dario/SPARTA_RAWDATA/DUSCENTO/1P2Colo/ene/enematrix.dat;/home/dario/SPARTA_RAWDATA/DUSCENTO/1P2Capo/ene/primo_cluster.pdb;/home/dario/SPARTA_RAWDATA/DUSCENTO/1P2Colo/ene/primo_cluster.pdb;/home/dario/SPARTA_RAWDATA/DUSCENTO/1P2Capo/bender/hinges.dat;/home/dario/SPARTA_RAWDATA/DUSCENTO/1P2Colo/bender/hinges.dat
1MLC;0200ns;/home/dario/SPARTA_RAWDATA/dataset/PDBapo/1MLC.pdb;30,32,33,35,50,55,59,100,101,250,310,312;/home/dario/SPARTA_RAWDATA/DUSCENTO/1MLCapo/DSSP/ssdump.dat;B;A;E;/home/dario/SPARTA_RAWDATA/dataset/pdb_originali/1MLC.pdb;/home/dario/SPARTA_RAWDATA/DUSCENTO/1MLCapo/cluster/rmsd-dist.xvg;/home/dario/SPARTA_RAWDATA/DUSCENTO/1MLColo/cluster/rmsd-dist.xvg;/home/dario/SPARTA_RAWDATA/DUSCENTO/1MLCapo/RMSF/rmsf.ca.xvg;/home/dario/SPARTA_RAWDATA/DUSCENTO/1MLColo/RMSF/rmsf.ca.xvg;/home/dario/SPARTA_RAWDATA/DUSCENTO/1MLCapo/emma/emmadist.dat;/home/dario/SPARTA_RAWDATA/DUSCENTO/1MLColo/emma/emmadist.dat;/home/dario/SPARTA_RAWDATA/DUSCENTO/1MLCapo/emma/emmatrix.dat;/home/dario/SPARTA_RAWDATA/DUSCENTO/1MLColo/emma/emmatrix.dat;/home/dario/SPARTA_RAWDATA/DUSCENTO/1MLCapo/cluster/clust-size.xvg;/home/dario/SPARTA_RAWDATA/DUSCENTO/1MLColo/cluster/clust-size.xvg;/home/dario/SPARTA_RAWDATA/DUSCENTO/1MLCapo/ene/enedist.dat;/home/dario/SPARTA_RAWDATA/DUSCENTO/1MLColo/ene/enedist.dat;/home/dario/SPARTA_RAWDATA/DUSCENTO/1MLCapo/ene/enematrix.dat;/home/dario/SPARTA_RAWDATA/DUSCENTO/1MLColo/ene/enematrix.dat;/home/dario/SPARTA_RAWDATA/DUSCENTO/1MLCapo/ene/primo_cluster.pdb;/home/dario/SPARTA_RAWDATA/DUSCENTO/1MLColo/ene/primo_cluster.pdb;/home/dario/SPARTA_RAWDATA/DUSCENTO/1MLCapo/bender/hinges.dat;/home/dario/SPARTA_RAWDATA/DUSCENTO/1MLColo/bender/hinges.dat
1CZ8;0200ns;/home/dario/SPARTA_RAWDATA/dataset/PDBapo/1CZ8.pdb;50,53,58,99,100,102,103,108;/home/dario/SPARTA_RAWDATA/DUSCENTO/1CZ8apo/DSSP/ssdump.dat;H;L;W;/home/dario/SPARTA_RAWDATA/dataset/pdb_originali/1CZ8.pdb;/home/dario/SPARTA_RAWDATA/DUSCENTO/1CZ8apo/cluster/rmsd-dist.xvg;/home/dario/SPARTA_RAWDATA/DUSCENTO/1CZ8olo/cluster/rmsd-dist.xvg;/home/dario/SPARTA_RAWDATA/DUSCENTO/1CZ8apo/RMSF/rmsf.ca.xvg;/home/dario/SPARTA_RAWDATA/DUSCENTO/1CZ8olo/RMSF/rmsf.ca.xvg;/home/dario/SPARTA_RAWDATA/DUSCENTO/1CZ8apo/emma/emmadist.dat;/home/dario/SPARTA_RAWDATA/DUSCENTO/1CZ8olo/emma/emmadist.dat;/home/dario/SPARTA_RAWDATA/DUSCENTO/1CZ8apo/emma/emmatrix.dat;/home/dario/SPARTA_RAWDATA/DUSCENTO/1CZ8olo/emma/emmatrix.dat;/home/dario/SPARTA_RAWDATA/DUSCENTO/1CZ8apo/cluster/clust-size.xvg;/home/dario/SPARTA_RAWDATA/DUSCENTO/1CZ8olo/cluster/clust-size.xvg;/home/dario/SPARTA_RAWDATA/DUSCENTO/1CZ8apo/ene/enedist.dat;/home/dario/SPARTA_RAWDATA/DUSCENTO/1CZ8olo/ene/enedist.dat;/home/dario/SPARTA_RAWDATA/DUSCENTO/1CZ8apo/ene/enematrix.dat;/home/dario/SPARTA_RAWDATA/DUSCENTO/1CZ8olo/ene/enematrix.dat;/home/dario/SPARTA_RAWDATA/DUSCENTO/1CZ8apo/ene/primo_cluster.pdb;/home/dario/SPARTA_RAWDATA/DUSCENTO/1CZ8olo/ene/primo_cluster.pdb;/home/dario/SPARTA_RAWDATA/DUSCENTO/1CZ8apo/bender/hinges.dat;/home/dario/SPARTA_RAWDATA/DUSCENTO/1CZ8olo/bender/hinges.dat
1BJ1;0200ns;/home/dario/SPARTA_RAWDATA/dataset/PDBapo/1BJ1.pdb;31,32,50,53,99,106,108,320;/home/dario/SPARTA_RAWDATA/DUSCENTO/1BJ1apo/DSSP/ssdump.dat;H;L;W;/home/dario/SPARTA_RAWDATA/dataset/pdb_originali/1BJ1.pdb;/home/dario/SPARTA_RAWDATA/DUSCENTO/1BJ1apo/cluster/rmsd-dist.xvg;/home/dario/SPARTA_RAWDATA/DUSCENTO/1BJ1olo/cluster/rmsd-dist.xvg;/home/dario/SPARTA_RAWDATA/DUSCENTO/1BJ1apo/RMSF/rmsf.ca.xvg;/home/dario/SPARTA_RAWDATA/DUSCENTO/1BJ1olo/RMSF/rmsf.ca.xvg;/home/dario/SPARTA_RAWDATA/DUSCENTO/1BJ1apo/emma/emmadist.dat;/home/dario/SPARTA_RAWDATA/DUSCENTO/1BJ1olo/emma/emmadist.dat;/home/dario/SPARTA_RAWDATA/DUSCENTO/1BJ1apo/emma/emmatrix.dat;/home/dario/SPARTA_RAWDATA/DUSCENTO/1BJ1olo/emma/emmatrix.dat;/home/dario/SPARTA_RAWDATA/DUSCENTO/1BJ1apo/cluster/clust-size.xvg;/home/dario/SPARTA_RAWDATA/DUSCENTO/1BJ1olo/cluster/clust-size.xvg;/home/dario/SPARTA_RAWDATA/DUSCENTO/1BJ1apo/ene/enedist.dat;/home/dario/SPARTA_RAWDATA/DUSCENTO/1BJ1olo/ene/enedist.dat;/home/dario/SPARTA_RAWDATA/DUSCENTO/1BJ1apo/ene/enematrix.dat;/home/dario/SPARTA_RAWDATA/DUSCENTO/1BJ1olo/ene/enematrix.dat;/home/dario/SPARTA_RAWDATA/DUSCENTO/1BJ1apo/ene/primo_cluster.pdb;/home/dario/SPARTA_RAWDATA/DUSCENTO/1BJ1olo/ene/primo_cluster.pdb;/home/dario/SPARTA_RAWDATA/DUSCENTO/1BJ1apo/bender/hinges.dat;/home/dario/SPARTA_RAWDATA/DUSCENTO/1BJ1olo/bender/hinges.dat
